product_name, shippingMSI Mech Radeon RX 6750 XT Video Card RX 6750 XT MECH 2X 12G OC,Free Shipping
ASUS TUF Gaming NVIDIA GeForce RTX 4070 OC Edition Gaming Graphics Card (PCIe 4.0| 12GB GDDR6X| HDMI 2.1| DisplayPort 1.4a) TUF-RTX4070-O12G-GAMING,Free Shipping
51RISC RX5500XT 8G D6 Gaming Graphics Card with 8G/128bit/GDDR6 Memory 16GHz Memory Frequency DirectX12 3D Feature,Free Shipping
GIGABYTE AERO GeForce RTX 4070 Video Card GV-N4070AERO OC-12GD,Free Shipping
MSI Gaming GeForce RTX 4070 Video Card RTX 4070 GAMING X TRIO 12G,Free Shipping
RX 580 Graphic Cards| 2048SP| Real 8GB| GDDR5| 256 Bit| Pc Gaming Radeon Video Card|3XDP| HDMI| PCI Express 3.0 with Freeze Fan Stop for Desktop Computer Gaming Gpu,Free Shipping
GIGABYTE WINDFORCE GeForce RTX 4070 Video Card GV-N4070WF3OC-12GD,Free Shipping
ASUS Dual GeForce RTX 4070 12GB GDDR6X| IP5X| Auto-Extreme Technology| 144-Hour Validation Program| HDMI 2.1a| DP 1.4a| DUAL-RTX4070-12G,Free Shipping
51RISC RX6600 8GB Graphics Card GPU GDDR6 128-bit 14 Gbps 7nm new video card Support Desktop CPU Gaming video card,Free Shipping
MSI Ventus GeForce RTX 4070 Video Card RTX 4070 VENTUS 3X 12G,Free Shipping
SAPPHIRE PULSE Radeon RX 6700 Video Card 11321-02-20G,Free Shipping
GIGABYTE Gaming OC GeForce RTX 3060 12GB GDDR6 PCI Express 4.0 ATX Video Card GV-N3060GAMING OC-12GD (rev. 2.0) (LHR),Free Shipping
MSI Gaming GeForce RTX 3050 Video Card RTX 3050 Gaming X 8G,Free Shipping
ASRock Challenger D Radeon RX 6700 XT Video Card RX6700XT CLD 12GO,Free Shipping
ASRock Radeon RX 6600 Video Card RX6600 CLD 8G,Free Shipping
Yeston GeForce RTX 4080 16GB GDDR6X PCI Express 4.0 Video Card HDMI 2.1*1 + DP1.4a*3 video cards Desktop computer PC video gaming graphics card,Free Shipping
